words,label
off no buttons only worth price sale quality side going,quality
lbs perfectly 5 5'4 for_reference 5'5 4 6 5'6 pounds,size reference
pair denim legs stretch pilcro shorts 27 26 skinny jean,bottoms
looked wanted return loved unfortunately going design however returned disappointed,disappointed
above right hits knee hit below inches 2 hem model,size reference
hips someone who shape curvy tall better however chest body,size reference
compliments wore many received time lots every worn already wearing,complements
jacket coat warm vest sleeves over cardigan cozy wool winter,outerwears
gorgeous unique lovely design absolutely feminine feel quality makes print,complements
sleeves blouse arms shoulders tops boxy fitted longer body nicely,tops
been few now worn years purchased after wearing always two,quality
model person picture online photo what shown better exactly pictured,as described
tight arms shoulders around off chest bust arm across shoulder,tight
fitting loose feel though good cotton want its form thin,thin 
fall leggings summer boots wearing casual spring worn dressed pair,bottoms
2 sizes 0 order regular xxs both though smaller try,tight
6 8 m 10 4 s normally l 12 bust,size reference
recommend highly definitely go wardrobe comfy casual piece easy any,recommend
washed dry wash after washing clean only shrink hand shrunk,quality
without being enough feel looking thick while find no heavy,quality
blue white red gray green navy pink purchased both orange,color
saw online try loved went thought sale first decided fell,complements
reviews reviewers said agree another mentioned others based reviewer read,recommend
nicely front side your body right enough around high drapes,complements
underneath bra sheer through tank cami under need white slip,thin